-- phpMyAdmin SQL Dump
-- version 4.8.4
-- https://www.phpmyadmin.net/
--
-- Servidor: 127.0.0.1
-- Tiempo de generación: 26-04-2019 a las 20:23:43
-- Versión del servidor: 10.1.37-MariaDB
-- Versión de PHP: 7.3.0

SET SQL_MODE = "NO_AUTO_VALUE_ON_ZERO";
SET AUTOCOMMIT = 0;
START TRANSACTION;
SET time_zone = "+00:00";


/*!40101 SET @OLD_CHARACTER_SET_CLIENT=@@CHARACTER_SET_CLIENT */;
/*!40101 SET @OLD_CHARACTER_SET_RESULTS=@@CHARACTER_SET_RESULTS */;
/*!40101 SET @OLD_COLLATION_CONNECTION=@@COLLATION_CONNECTION */;
/*!40101 SET NAMES utf8mb4 */;

--
-- Base de datos: `papasbd`
--

-- --------------------------------------------------------

--
-- Estructura de tabla para la tabla `almacenes`
--

CREATE TABLE `almacenes` (
  `id` int(11) NOT NULL,
  `nombre` varchar(255) NOT NULL,
  `activo` int(1) NOT NULL,
  `descripcion` varchar(255) NOT NULL,
  `created_at` datetime NOT NULL,
  `updated_at` datetime NOT NULL
) ENGINE=InnoDB DEFAULT CHARSET=latin1;

--
-- Volcado de datos para la tabla `almacenes`
--

INSERT INTO `almacenes` (`id`, `nombre`, `activo`, `descripcion`, `created_at`, `updated_at`) VALUES
(-3, 'Todos', 0, 'Todos los almacenes (ADMIN)', '0000-00-00 00:00:00', '0000-00-00 00:00:00'),
(-2, 'Baja Por Merma', 0, '', '0000-00-00 00:00:00', '0000-00-00 00:00:00'),
(-1, 'Vendido', 0, '', '0000-00-00 00:00:00', '0000-00-00 00:00:00'),
(0, '<En transito>', 0, '', '0000-00-00 00:00:00', '0000-00-00 00:00:00'),
(1, 'Almacen General', 1, 'Almacen General', '0000-00-00 00:00:00', '2018-11-21 19:37:22'),
(2, 'Almacen De Licor', 1, 'Almacen De Licor', '0000-00-00 00:00:00', '2018-11-21 19:37:24'),
(3, 'Barra 1', 0, 'Primer Piso - Entrada', '0000-00-00 00:00:00', '2018-11-21 19:37:26'),
(4, 'Barra 2', 1, 'Segundo Piso - Entrada', '0000-00-00 00:00:00', '2018-11-21 19:37:28'),
(5, 'Barra 3', 0, 'Segundo Piso - Fondo', '0000-00-00 00:00:00', '2018-11-22 08:36:17');

-- --------------------------------------------------------

--
-- Estructura de tabla para la tabla `botella`
--

CREATE TABLE `botella` (
  `id` int(11) NOT NULL,
  `folio` int(11) NOT NULL,
  `insumo` int(11) NOT NULL,
  `desc_insumo` varchar(255) COLLATE latin1_spanish_ci NOT NULL,
  `fecha_compra` date NOT NULL,
  `almacen_id` int(11) NOT NULL,
  `transito` int(11) NOT NULL,
  `created_at` datetime NOT NULL,
  `updated_at` datetime NOT NULL
) ENGINE=InnoDB DEFAULT CHARSET=latin1 COLLATE=latin1_spanish_ci;

--
-- Volcado de datos para la tabla `botella`
--

INSERT INTO `botella` (`id`, `folio`, `insumo`, `desc_insumo`, `fecha_compra`, `almacen_id`, `transito`, `created_at`, `updated_at`) VALUES
(23, 110, 100103, 'RON BARAIMA BLANCO .700', '2018-11-29', 1, 0, '2019-01-05 10:50:46', '2019-01-05 10:50:46'),
(24, 102, 100103, 'RON BARAIMA BLANCO .700', '2018-11-29', 4, 0, '2019-01-05 10:51:02', '2019-01-05 11:46:53'),
(25, 103, 100103, 'RON BARAIMA BLANCO .700', '2018-11-29', 4, 0, '2019-01-05 10:51:21', '2019-01-05 11:42:37'),
(26, 104, 100103, 'RON BARAIMA BLANCO .700', '2018-11-29', 2, 0, '2019-01-05 10:51:39', '2019-01-05 11:37:53'),
(27, 105, 100103, 'RON BARAIMA BLANCO .700', '2018-11-29', 1, 0, '2019-01-05 10:51:49', '2019-01-05 10:51:49'),
(28, 106, 100103, 'RON BARAIMA BLANCO .700', '2018-11-29', 1, 0, '2019-01-05 10:51:58', '2019-01-05 10:51:58'),
(29, 107, 100103, 'RON BARAIMA BLANCO .700', '2018-11-29', 1, 0, '2019-01-05 10:52:07', '2019-01-05 10:52:07'),
(30, 108, 100103, 'RON BARAIMA BLANCO .700', '2018-11-29', 1, 0, '2019-01-05 10:52:16', '2019-01-05 10:52:16'),
(31, 109, 100103, 'RON BARAIMA BLANCO .700', '2018-11-29', 1, 0, '2019-01-05 10:52:25', '2019-01-05 10:52:25');

-- --------------------------------------------------------

--
-- Estructura de tabla para la tabla `lista_movimientos`
--

CREATE TABLE `lista_movimientos` (
  `id` int(11) NOT NULL,
  `botella_id` int(11) NOT NULL,
  `movimiento_id` int(11) NOT NULL,
  `almacen_id` int(11) NOT NULL,
  `fecha` datetime NOT NULL,
  `user` int(11) NOT NULL
) ENGINE=InnoDB DEFAULT CHARSET=latin1 COLLATE=latin1_spanish_ci;

--
-- Volcado de datos para la tabla `lista_movimientos`
--

INSERT INTO `lista_movimientos` (`id`, `botella_id`, `movimiento_id`, `almacen_id`, `fecha`, `user`) VALUES
(63, 18, 1, 2, '2019-01-04 11:43:21', 1),
(64, 19, 1, 2, '2019-01-04 11:44:02', 1),
(65, 20, 1, 2, '2019-01-04 11:44:14', 1),
(66, 21, 1, 2, '2019-01-04 11:45:20', 1),
(67, 22, 1, 2, '2019-01-04 11:45:46', 1),
(68, 22, 2, 2, '2019-01-04 11:47:55', 1),
(69, 21, 2, 2, '2019-01-04 11:49:09', 1),
(70, 15, 2, 2, '2019-01-04 12:05:53', 1),
(71, 16, 2, 2, '2019-01-04 12:06:07', 1),
(72, 16, 1, 2, '2019-01-04 12:20:51', 1),
(73, 17, 2, 2, '2019-01-04 12:22:20', 1),
(74, 18, 2, 2, '2019-01-04 12:26:39', 1),
(75, 20, 2, 2, '2019-01-04 12:55:04', 1),
(76, 20, 1, 2, '2019-01-04 12:58:17', 1),
(77, 14, 2, 2, '2019-01-04 14:34:38', 1),
(78, 13, 2, 2, '2019-01-04 14:34:59', 1),
(79, 21, 1, 4, '2019-01-04 14:39:37', 1),
(80, 19, 2, 2, '2019-01-04 14:46:28', 1),
(81, 18, 1, 4, '2019-01-04 14:46:45', 1),
(82, 23, 1, 1, '2019-01-05 10:50:46', 1),
(83, 24, 1, 1, '2019-01-05 10:51:02', 1),
(84, 25, 1, 1, '2019-01-05 10:51:21', 1),
(85, 26, 1, 1, '2019-01-05 10:51:39', 1),
(86, 27, 1, 1, '2019-01-05 10:51:49', 1),
(87, 28, 1, 1, '2019-01-05 10:51:58', 1),
(88, 29, 1, 1, '2019-01-05 10:52:07', 1),
(89, 30, 1, 1, '2019-01-05 10:52:16', 1),
(90, 31, 1, 1, '2019-01-05 10:52:25', 1),
(91, 24, 2, 1, '2019-01-05 11:26:42', 1),
(92, 25, 2, 1, '2019-01-05 11:26:56', 1),
(93, 26, 2, 1, '2019-01-05 11:27:17', 1),
(94, 26, 1, 2, '2019-01-05 11:37:53', 1),
(95, 25, 1, 4, '2019-01-05 11:42:37', 1),
(96, 24, 1, 2, '2019-01-05 11:46:11', 1),
(97, 24, 2, 2, '2019-01-05 11:46:27', 1),
(98, 24, 1, 4, '2019-01-05 11:46:53', 1);

-- --------------------------------------------------------

--
-- Estructura de tabla para la tabla `migrations`
--

CREATE TABLE `migrations` (
  `id` int(10) UNSIGNED NOT NULL,
  `migration` varchar(191) COLLATE utf8_unicode_ci NOT NULL,
  `batch` int(11) NOT NULL
) ENGINE=InnoDB DEFAULT CHARSET=utf8 COLLATE=utf8_unicode_ci;

--
-- Volcado de datos para la tabla `migrations`
--

INSERT INTO `migrations` (`id`, `migration`, `batch`) VALUES
(1, '2014_10_12_000000_create_users_table', 1),
(2, '2014_10_12_100000_create_password_resets_table', 1),
(3, '2016_06_01_000001_create_oauth_auth_codes_table', 1),
(4, '2016_06_01_000002_create_oauth_access_tokens_table', 1),
(5, '2016_06_01_000003_create_oauth_refresh_tokens_table', 1),
(6, '2016_06_01_000004_create_oauth_clients_table', 1),
(7, '2016_06_01_000005_create_oauth_personal_access_clients_table', 1);

-- --------------------------------------------------------

--
-- Estructura de tabla para la tabla `oauth_access_tokens`
--

CREATE TABLE `oauth_access_tokens` (
  `id` varchar(100) COLLATE utf8_unicode_ci NOT NULL,
  `user_id` int(11) DEFAULT NULL,
  `client_id` int(11) NOT NULL,
  `name` varchar(191) COLLATE utf8_unicode_ci DEFAULT NULL,
  `scopes` text COLLATE utf8_unicode_ci,
  `revoked` tinyint(1) NOT NULL,
  `created_at` timestamp NULL DEFAULT NULL,
  `updated_at` timestamp NULL DEFAULT NULL,
  `expires_at` datetime DEFAULT NULL
) ENGINE=InnoDB DEFAULT CHARSET=utf8 COLLATE=utf8_unicode_ci;

--
-- Volcado de datos para la tabla `oauth_access_tokens`
--

INSERT INTO `oauth_access_tokens` (`id`, `user_id`, `client_id`, `name`, `scopes`, `revoked`, `created_at`, `updated_at`, `expires_at`) VALUES
('02511b6ae4014f9ece1f24b9cc1ffa9d9d7f48ac40bfcc684bf75dcf3da74c690356818a2eaa3336', 5, 2, NULL, '[]', 1, '2018-12-05 20:03:06', '2018-12-05 20:03:06', '2019-12-05 13:03:06'),
('04b7e9790764f32b9206f6fa7ce26705a7d8494a142fe27cfe11beae51e84ff8dea4a92eb1658c6d', 1, 1, 'Personal Access Token', '[]', 0, '2019-01-08 18:57:29', '2019-01-08 18:57:29', '2020-01-08 10:57:29'),
('04fda74021e366c96326d966507dc15fe3d302e794536dc75a01893d39c755ff5056914ceaf215aa', 2, 2, NULL, '[]', 0, '2018-11-21 18:56:05', '2018-11-21 18:56:05', '2019-11-21 10:56:05'),
('0763b774dbfcd84fed1f6431040022d0877ffd8535e5843139356a81427d7655525044307b00b806', 2, 1, 'Personal Access Token', '[]', 1, '2019-01-08 19:03:45', '2019-01-08 19:03:45', '2020-01-08 11:03:45'),
('0ea53917ce85e0f8f7a74204e4ee5a5d4344ed9310a5c0d85170f3c484f8afce88b8ca68a5778996', 2, 2, NULL, '[]', 0, '2018-11-16 17:19:37', '2018-11-16 17:19:37', '2019-11-16 09:19:37'),
('136060c1d1c005f495f752d2ddf26a7430134edf63c58ea9be8f483db3a61b9c44b4fe1b78da3def', 2, 2, NULL, '[]', 0, '2018-12-05 18:25:05', '2018-12-05 18:25:05', '2019-12-05 10:25:05'),
('14abc32bde7d5b8501a6dd9a1a953d8868260aa5b44fd9496353d92d2e5222b7d03f644aa8ff4ec2', 2, 2, NULL, '[]', 0, '2018-12-05 18:25:07', '2018-12-05 18:25:07', '2019-12-05 10:25:07'),
('1819154845662d5208abfe14a453f9ae5c127c851846cf5b339a53a67b8ebed88541b3140e8920a1', 2, 1, 'Personal Access Token', '[]', 1, '2019-01-08 19:00:26', '2019-01-08 19:00:26', '2020-01-08 11:00:26'),
('184c7871a98a5409c27a8eba1b60debfb04890a3e12349e11586f42286e4a3ab80c8e9281eb06cf3', 1, 2, NULL, '[]', 1, '2018-12-06 15:36:53', '2018-12-06 15:36:53', '2019-12-06 08:36:53'),
('19e11339b46dc7600a06a2d40dfcde6dd720874b0d016fdd95468e528a608e5e7ce71308f89c26f9', 2, 2, NULL, '[]', 1, '2018-12-05 18:51:01', '2018-12-05 18:51:01', '2019-12-05 10:51:01'),
('1ac9af51bddd92551b86af8f071173597e9fa58d3257de3c78820ae8c32c52fc18e86221b1a18e51', 2, 2, NULL, '[]', 1, '2018-12-05 16:54:05', '2018-12-05 16:54:05', '2019-12-05 08:54:05'),
('1e45a62352be376cca8520bc9415c97128335e3a4c5146ab73c4c91f7065f10666be240043e3c987', 1, 2, NULL, '[]', 1, '2019-01-03 18:23:54', '2019-01-03 18:23:54', '2020-01-03 10:23:54'),
('1ebf94db5c2e9c80d900a011d8f63f631a932575b60df3a46259e36f4046c89d380f15cfa0033b99', 2, 2, NULL, '[]', 1, '2019-01-08 19:14:12', '2019-01-08 19:14:12', '2020-01-08 11:14:12'),
('23f1c11e31a0ac16806df52f7465b305e313712340ff52567d78c4c9e494ca617f279b1549d593c8', 2, 2, NULL, '[]', 1, '2018-12-05 17:43:18', '2018-12-05 17:43:18', '2019-12-05 09:43:18'),
('24449887bda2de514eee37d56f830f2144bd5008ab001bd8268fa309efc5789c85ee8cdaaf07dcda', 1, 1, 'Personal Access Token', '[]', 1, '2019-01-08 18:59:24', '2019-01-08 18:59:24', '2020-01-08 10:59:24'),
('24465a2f44b2b2c26d82e7b36405ba32a78095fd94bdb9f1251d1454a03b850374cde90110bff132', 1, 1, 'Personal Access Token', '[]', 1, '2019-01-08 19:03:57', '2019-01-08 19:03:57', '2020-01-08 11:03:57'),
('24c40e9544d5fdc0d6d5fc4989d4e9397d03a5436085c522a6bbdfb2dc6adbe90c75f3c3ec41f480', 2, 2, NULL, '[]', 0, '2018-12-04 23:35:01', '2018-12-04 23:35:01', '2019-12-04 15:35:01'),
('25a855e88b6063ee6d0ee945fed68f4da3dc278e77295d3d3117a92e487f88249dbf994578d9e60d', 1, 1, 'Personal Access Token', '[]', 0, '2019-01-08 18:56:56', '2019-01-08 18:56:56', '2020-01-08 10:56:56'),
('2630d542192e3da0c53d0cfaf8dd8e88dd67ccd35b340452d9efd2b47ad9d0215464068a86137e10', 2, 2, NULL, '[]', 1, '2018-12-05 17:53:14', '2018-12-05 17:53:14', '2019-12-05 09:53:14'),
('26675c7721caa567163782933af2b328f89a73f2cb6fa7e32e90c6584e932855f73ec6b807fa7734', 1, 1, 'Personal Access Token', '[]', 0, '2019-01-08 18:48:02', '2019-01-08 18:48:02', '2020-01-08 10:48:02'),
('270bd665ef80f33360304630d91b4f70f0f6bf91fe9ab3c7cc591303cd6b12c54ba18e89bb75d6af', 2, 1, 'Personal Access Token', '[]', 1, '2019-01-08 19:03:08', '2019-01-08 19:03:08', '2020-01-08 11:03:08'),
('2a548fb95155513f71b5e96bdde521e5449fe6939f16ac2c5d2065eec1f3b271a8d488c8a6df4039', 1, 2, NULL, '[]', 0, '2019-01-02 22:45:00', '2019-01-02 22:45:00', '2020-01-02 14:45:00'),
('2d7cd636115714542566733364d85bf6e6397c351d6c83381f0611c2e0e380a504161db8a07f42b9', 2, 2, NULL, '[]', 1, '2018-11-05 20:46:06', '2018-11-05 20:46:06', '2019-11-05 12:46:06'),
('2f8bf247dfe8a72e8747745ceff1ab12f9a70ba83c965d825003d11e20425da38489a8d02e3a53e4', 2, 2, NULL, '[]', 0, '2018-12-04 23:04:16', '2018-12-04 23:04:16', '2019-12-04 15:04:16'),
('314f36d8af1be77d095ce91f20c70fa11acb71530ec0a995a802308ba97e0acdf514e354cf513af3', 2, 2, NULL, '[]', 0, '2018-11-01 21:20:52', '2018-11-01 21:20:52', '2019-11-01 14:20:52'),
('3427882bf24d6f7fd4c6dec2210d3342330f7c754a3eb7aa1d79e7a16daef2c3feddf34e17a78a43', 1, 2, NULL, '[]', 1, '2018-12-06 18:28:44', '2018-12-06 18:28:44', '2019-12-06 11:28:44'),
('34e8704d426c2e0b97a654c5a11e2bdc21041d07e1e747b318e25e7c43a6fc95ab2ed46d48ebb0b9', 2, 2, NULL, '[]', 0, '2018-12-04 23:35:02', '2018-12-04 23:35:02', '2019-12-04 15:35:02'),
('3506947762014dbe637687b2e481068d34fbb2b9b4bb639e00fb6b9a4e5ba549edb31f1e5b2137f6', 2, 2, NULL, '[]', 0, '2018-12-04 22:53:59', '2018-12-04 22:53:59', '2019-12-04 14:53:59'),
('35f57cb5d16ad6f17725cccc8a4323d05e0f77bb9865db5aa422e7e8e940b6d9f44c9ccc6940a8f8', 2, 2, NULL, '[]', 0, '2018-10-31 19:34:15', '2018-10-31 19:34:15', '2019-10-31 12:34:15'),
('3d51fb18b1c887c47a5030e6c3977aaa364d725d1849bc15548ec1f473024312069a3e0a7795f6f4', 1, 2, NULL, '[]', 0, '2018-12-06 17:08:00', '2018-12-06 17:08:00', '2019-12-06 10:08:00'),
('3eb47d5c3e6f4c2f0dee87185a426fba0e9a8ff3996e1e4f7f131036764f40353cafccc8983ff6a2', 2, 2, NULL, '[]', 0, '2018-12-04 23:35:18', '2018-12-04 23:35:18', '2019-12-04 15:35:18'),
('40a88f824b4f45116ee731bd4333ae38528f6d6e8fdc8808a4f521be17c6493029426c8b9a1596e5', 2, 2, NULL, '[]', 1, '2018-10-31 16:04:27', '2018-10-31 16:04:27', '2019-10-31 09:04:27'),
('4406364942f5971a04fb2d96fb1e39306fb23d24ada7455ed0fed65452381ef451c33f8ae528851e', 1, 1, 'Personal Access Token', '[]', 1, '2019-01-08 18:59:06', '2019-01-08 18:59:06', '2020-01-08 10:59:06'),
('444b42b8a2b1b559a20a711fab93526ff53103a369ad35ad6ae444324fb97bf49f167245578bdec6', 2, 2, NULL, '[]', 1, '2018-10-27 17:57:39', '2018-10-27 17:57:39', '2019-10-27 10:57:39'),
('446a930a79e3a0b975b56dd28bf465e151cd7e69b7b049346933c6dc8ebe90aacca5cc2bc6f4c385', 1, 2, NULL, '[]', 0, '2019-03-27 17:16:07', '2019-03-27 17:16:07', '2020-03-27 09:16:07'),
('456ed12a175dac1ba0a220882a37b22a07f03d38c762218664fd8165cb2015360c8e3cd8c9dce5c2', 2, 2, NULL, '[]', 0, '2018-11-29 19:47:30', '2018-11-29 19:47:30', '2019-11-29 11:47:30'),
('458f0c06100908a10cc2af765b8e377d554013e05c0e7f63a6a62c52c4849096d9d414c8da3047a5', 2, 2, NULL, '[]', 0, '2018-10-31 19:52:18', '2018-10-31 19:52:18', '2019-10-31 12:52:18'),
('459610dce45f2ad39a15f2220f7bc596bb73113585bc3301d7502f1fa10bfc5a0ddf7f7201854462', 2, 2, NULL, '[]', 1, '2018-12-05 17:26:27', '2018-12-05 17:26:27', '2019-12-05 09:26:27'),
('45c6f4b720bdac76a0c7dd4fdaff15d56eb3fa53710292419e4800390d555a33440a407e936d6685', 2, 2, NULL, '[]', 0, '2018-12-04 23:40:12', '2018-12-04 23:40:12', '2019-12-04 15:40:12'),
('4bfdc48e221f42a6e7bcd5528ca2caa3cf7129fe77d8618a65448016d8039c6decc116113717292f', 2, 2, NULL, '[]', 1, '2018-12-05 16:49:41', '2018-12-05 16:49:41', '2019-12-05 08:49:41'),
('4e1cf29c517b1f16ba6819b701b67d7a3bd88c19e320f1a0c8898edc0c0bda57ce7b8e2b379edb34', 1, 1, 'Personal Access Token', '[]', 0, '2019-01-08 18:58:35', '2019-01-08 18:58:35', '2020-01-08 10:58:35'),
('4f16cabb6239abb2ca6ee53332701189112ad1d969d19c713dab4d1081965cf9fbab4153e6903dd7', 2, 2, NULL, '[]', 0, '2018-12-05 18:25:09', '2018-12-05 18:25:09', '2019-12-05 10:25:09'),
('4f2331ffbb014704ef90385c3661cd17c26bb959f3f8ab04a29e7e7e9a3aca196822b95e8d385f00', 1, 1, 'Personal Access Token', '[]', 1, '2019-01-08 19:01:48', '2019-01-08 19:01:48', '2020-01-08 11:01:48'),
('5471549f86a2159595110d821c74bf8ab73f795e220851d2f32e74ef2e55caa86c6872569e110394', 5, 2, NULL, '[]', 1, '2018-12-05 18:52:21', '2018-12-05 18:52:21', '2019-12-05 10:52:21'),
('56f597a5b59c39d8671333bfa3a1d96ab9056d932656d69cc2c4edd94565a6b03238b4a99f2a7fd9', 1, 2, NULL, '[]', 1, '2018-12-06 17:11:37', '2018-12-06 17:11:37', '2019-12-06 10:11:37'),
('5b42786bd12fdee53b8ccfc32903056fe63d2a4dae95724a47f6693bf0aaab2705b230c90b6c4b90', 2, 2, NULL, '[]', 0, '2018-12-04 22:34:24', '2018-12-04 22:34:24', '2019-12-04 14:34:24'),
('5b75afc4b2432057015cda96052557253eb111dd7719c7471f2a9fbbbfb8b1aba3abd8cb520f4455', 2, 1, 'Personal Access Token', '[]', 1, '2019-01-08 19:02:19', '2019-01-08 19:02:19', '2020-01-08 11:02:19'),
('5ca66119dc05762d03afd6c6ea76fcdd2b9b4689bd72b3d907a5736be5f247ae8a0f061075d71454', 2, 2, NULL, '[]', 0, '2018-11-22 03:23:34', '2018-11-22 03:23:34', '2019-11-21 19:23:34'),
('5ea0232b768c2978e5c5890298f5bdf3569d0a937a4c66c6fde956173d54454ebb3b3c562dde1147', 2, 2, NULL, '[]', 1, '2018-10-25 19:22:47', '2018-10-25 19:22:47', '2019-10-25 12:22:47'),
('607036d0afd05622648c4795e2cc11ed4ff13d447923125a5136cfc6eb3a15b02286bfba9365bf57', 1, 2, NULL, '[]', 0, '2018-12-05 19:25:08', '2018-12-05 19:25:08', '2019-12-05 12:25:08'),
('63032e51d4e1267dafdfe63902cc4ecda27233fb03a8ca9393ca7f45e82d9b3db043b2684828340c', 2, 2, NULL, '[]', 1, '2018-12-03 20:05:03', '2018-12-03 20:05:03', '2019-12-03 12:05:03'),
('649ff55e6f3162fa9aa496d3612f6a87fcfbf5d2a310441fad4bcc5c983e022a9e3c846a43181082', 2, 2, NULL, '[]', 1, '2018-12-05 19:19:50', '2018-12-05 19:19:50', '2019-12-05 11:19:50'),
('64d20b8351daa40bc3dede8817732adb6c42e68a0d5e4c552c86493d4829e73b9855e86421e9219f', 2, 2, NULL, '[]', 0, '2018-12-05 17:16:10', '2018-12-05 17:16:10', '2019-12-05 09:16:10'),
('678d84be2de1fc020c0c6ad5b633d7f8005e7f97e0305e1acc4809e178dcf474d97b6e11983a5e88', 2, 2, NULL, '[]', 0, '2018-11-23 19:52:22', '2018-11-23 19:52:22', '2019-11-23 11:52:22'),
('6adc130b6ae6c894cc24628d1d42c57bb6648594f85c1812fb98ea92a0c4ce27acae173ec09ced3e', 2, 1, 'Personal Access Token', '[]', 1, '2019-01-08 19:01:59', '2019-01-08 19:01:59', '2020-01-08 11:01:59'),
('6e50490b5482144b875ef4c5622dec29a89efd0504d1c0c51dafacfa388c429af2333aff9eb4b1e3', 1, 2, NULL, '[]', 0, '2019-01-03 19:50:41', '2019-01-03 19:50:41', '2020-01-03 11:50:41'),
('6f796c4af798b141203027a24282be7ac74536047fa4f01656d8064f0445554498d3687e8c6502a9', 2, 2, NULL, '[]', 0, '2018-12-04 23:44:35', '2018-12-04 23:44:35', '2019-12-04 15:44:35'),
('71e0db87d6869712a2213a74372914219fe0ac97b6722ab2e65e1eba2c3ffbefda50b5cefd2b98c0', 2, 2, NULL, '[]', 1, '2018-11-05 20:27:18', '2018-11-05 20:27:18', '2019-11-05 12:27:18'),
('733bd739b60f2c19207c8e4979e8acca0b5d2f2064af082e059cff3929b1e281e36b7d38347d4d97', 2, 2, NULL, '[]', 1, '2018-11-30 18:26:17', '2018-11-30 18:26:17', '2019-11-30 10:26:17'),
('74f602aeb6b770b1da26514c55b9ce3f03f0e1b8e46a02928c10dc0ef304d9a9873375082b167b5d', 2, 2, NULL, '[]', 0, '2018-11-05 20:59:14', '2018-11-05 20:59:14', '2019-11-05 12:59:14'),
('75fed248d143f00e764460d1e3910e98e9b19dec77e6bcbb008cf668a58b7d79919fa1b88f3b0d8b', 2, 2, NULL, '[]', 1, '2018-10-31 22:31:30', '2018-10-31 22:31:30', '2019-10-31 15:31:30'),
('76153223fe3b030693e3f6e46863b2643a7253f9963db2ad5c73886c8165083724af8ea36f412151', 1, 2, NULL, '[]', 0, '2018-12-06 17:15:53', '2018-12-06 17:15:53', '2019-12-06 10:15:53'),
('78e65e40b6f66549d912af5a24a68a97c87a19a0133f9bd0d0e5eed260df8e23d097fe3bea470614', 1, 2, NULL, '[]', 0, '2019-03-27 17:16:09', '2019-03-27 17:16:09', '2020-03-27 09:16:09'),
('79453c1bbba32c9f3dd164659c4024c3f59fc60d50934559990e9621fad3bcd8e05be3d39a80ff75', 2, 2, NULL, '[]', 0, '2018-12-06 18:25:06', '2018-12-06 18:25:06', '2019-12-06 11:25:06'),
('797cba2372849ab77c525d299bf9b1b1ba1d66418c206942f29c6aab31fd6f1f5065016c73e1d798', 2, 2, NULL, '[]', 1, '2018-10-25 20:58:34', '2018-10-25 20:58:34', '2019-10-25 13:58:34'),
('7f07ebffd6fb2021e6cd684c898f19c39451d2f2c74d32eae9c7d952c9d6e6e628f31d55d2676d8b', 2, 2, NULL, '[]', 1, '2018-10-31 19:17:30', '2018-10-31 19:17:30', '2019-10-31 12:17:30'),
('812a64aa5e737bd70797a623227ccebe119bb8e503aec6ed66353b7a864fc7e62019f7bc887804c7', 2, 2, NULL, '[]', 1, '2018-12-05 18:36:31', '2018-12-05 18:36:31', '2019-12-05 10:36:31'),
('83a7f0a43063022a3e8769e9e9d48455686c9fdd1c30b607f2ef9be7cd43433b94be3b6e4618ef13', 2, 2, NULL, '[]', 0, '2018-12-05 18:25:09', '2018-12-05 18:25:09', '2019-12-05 10:25:09'),
('85dd9e78b66ef30fb860754778a75c224e74d7db487275c169631dcfe5b503a6f32b6f9b6c693728', 2, 2, NULL, '[]', 0, '2018-11-22 16:35:56', '2018-11-22 16:35:56', '2019-11-22 08:35:56'),
('87ef202e10caf12cb92a1a7a3ce09f5b4f199888a9ca31131439ce9d3e6cd0b7d4837c58bbdb6c9d', 1, 1, 'Personal Access Token', '[]', 0, '2019-01-08 18:47:28', '2019-01-08 18:47:28', '2020-01-08 10:47:28'),
('88f8e1dc17d2eee05b65fb69f769901d247a3acd864c31bbd32829482e7c64513397d206e4af37bc', 1, 2, NULL, '[]', 1, '2018-12-06 17:08:05', '2018-12-06 17:08:05', '2019-12-06 10:08:05'),
('8bcaddfb31fc6aa57e36dce7c357a1b4496620d01c7970668c5135cf096d919621123125e554eaf7', 2, 2, NULL, '[]', 0, '2018-10-25 20:43:37', '2018-10-25 20:43:37', '2019-10-25 13:43:37'),
('8d32a583ac49abd95a321adedcc8c72e03d25aface19147949cd8d4ef34a7301f8735bc068e32b8d', 2, 2, NULL, '[]', 1, '2018-12-05 18:25:10', '2018-12-05 18:25:10', '2019-12-05 10:25:10'),
('8d5505a77879892895c1848e31052e0a14faebd2e2def92fb3730386117e2a49af0903b4036b3510', 2, 2, NULL, '[]', 0, '2018-11-26 18:11:09', '2018-11-26 18:11:09', '2019-11-26 10:11:09'),
('8e8bab45230cb1241a57b2a12f2a6d842e4d25e0e8a49514ac175cffebe997c51bf09e4cedb4206b', 2, 2, NULL, '[]', 1, '2018-10-30 16:48:58', '2018-10-30 16:48:58', '2019-10-30 09:48:58'),
('90889f32e12bfca03aae53b906d5c000119941612f7e6dee10db362f0486a4fe6d8b5e942d78ec46', 3, 2, NULL, '[]', 1, '2018-12-05 18:53:00', '2018-12-05 18:53:00', '2019-12-05 10:53:00'),
('937168ad9ea6d2f5780367125f16281da6c0da1a7af7725dc68c7839363bb32defb746464627c36c', 2, 2, NULL, '[]', 1, '2018-10-27 18:29:26', '2018-10-27 18:29:26', '2019-10-27 11:29:26'),
('937ab6c31b94e5b5c5a2575e0b52a2bfb8842c38a4abe0cf474d332ba9e787c2d2256559f960d710', 1, 2, NULL, '[]', 1, '2018-12-06 17:16:12', '2018-12-06 17:16:12', '2019-12-06 10:16:12'),
('95622c84ed0afec7d72100e4b4d23b9ecc8d428bc93e4f4e43e4c5ba3631fc88760c63d094bb9618', 2, 2, NULL, '[]', 1, '2018-12-05 17:51:11', '2018-12-05 17:51:11', '2019-12-05 09:51:11'),
('979d724344ce4a8d86eda02c7f6c83832dffe6d06d2fcf601be37b80cdfbc4a0b3f43b938830cfd4', 1, 2, NULL, '[]', 0, '2018-12-06 17:16:05', '2018-12-06 17:16:05', '2019-12-06 10:16:05'),
('99fcf9f42fb5e0320bb7c06551f25140ed5b8a6ea815e5af39d9e1c1af8f15ad4e2657d8a77a5618', 1, 2, NULL, '[]', 0, '2018-12-06 17:09:20', '2018-12-06 17:09:20', '2019-12-06 10:09:20'),
('9e8160be8d120a5940c7bef5777d5d643bee16cc6a3d13ac40ccb6231fa28acc13b062d3c72e4d94', 1, 1, 'Personal Access Token', '[]', 0, '2019-01-08 18:49:54', '2019-01-08 18:49:54', '2020-01-08 10:49:54'),
('9eab2e3282c4ce4bc6d48b7f9da8f7fa52d7413570f052a8bfaabf5c6175c666e46d4f7f8d09256c', 1, 1, 'Personal Access Token', '[]', 1, '2019-01-08 19:11:55', '2019-01-08 19:11:55', '2020-01-08 11:11:55'),
('9ff30984c96cae934863eeb3bbe69e6af29f9233ff427214260fce4c891d3793199fdf7f791e17f6', 1, 2, NULL, '[]', 1, '2019-01-08 18:07:29', '2019-01-08 18:07:29', '2020-01-08 10:07:29'),
('a2ecbfc693c3d59b074816371ccc544955c797df146d038435eaa9439ec989f97ca3828b489e598e', 2, 2, NULL, '[]', 1, '2018-12-05 18:49:20', '2018-12-05 18:49:20', '2019-12-05 10:49:20'),
('a39d30e0509d27a952a870bf43496d8644df23507e7f88951b9c5bdaacd04ecd8978e2e55e66efde', 2, 2, NULL, '[]', 0, '2018-12-04 23:35:03', '2018-12-04 23:35:03', '2019-12-04 15:35:03'),
('a481fc1a821126bbd0a5964d77458001a699c5d3a1c95a66abb5a67f86f0ad50c3bb5fee381c9acb', 2, 2, NULL, '[]', 0, '2018-11-16 17:19:27', '2018-11-16 17:19:27', '2019-11-16 09:19:27'),
('a6b7ea5f2d18650b0de6d72b422c89f11bd4cde48e612a865652a5279edae983a75d7a325b6f92c8', 2, 2, NULL, '[]', 1, '2018-12-05 18:33:59', '2018-12-05 18:33:59', '2019-12-05 10:33:59'),
('a7bce6ab97a9705595314dd3485d919f6acc7e1d371a03738c9643aa14b6f527d38fb2e71db42837', 2, 2, NULL, '[]', 1, '2018-10-27 17:57:10', '2018-10-27 17:57:10', '2019-10-27 10:57:10'),
('a8717ce1020e8bb1b0624e04fbd558e06df1d54380770b7e06b8bc1ff96b56a39d9c817b56d3771c', 1, 1, 'Personal Access Token', '[]', 0, '2019-01-08 18:47:14', '2019-01-08 18:47:14', '2020-01-08 10:47:14'),
('ab94ff929818f9f3349f2e8ebdcd6b9246b3bf9e0875ca23aaba8adce5a2d86efdd973f4be0121cc', 2, 2, NULL, '[]', 0, '2018-12-04 22:13:34', '2018-12-04 22:13:34', '2019-12-04 14:13:34'),
('afde6f7708ca9031ed302f3b1a3f3306d0984e1de223c8d47989e77f52d534b372ce287dc2068c2d', 1, 1, 'Personal Access Token', '[]', 0, '2019-01-08 18:56:38', '2019-01-08 18:56:38', '2020-01-08 10:56:38'),
('b11e4dfeb45ee6fdae65c0286faa50973f77595449c5902183c0d3bc4944979ef111130166712d68', 1, 2, NULL, '[]', 1, '2019-01-08 18:25:08', '2019-01-08 18:25:08', '2020-01-08 10:25:08'),
('b21fec42fe6b262d2d708599298178b76a859e52768cc8c7596e7ef39e2b0242368debd8a93e097c', 2, 2, NULL, '[]', 1, '2018-10-30 15:41:16', '2018-10-30 15:41:16', '2019-10-30 08:41:16'),
('b24ddd230c763a4697a9fb7e24c21ccfdadda70869ea160b8030b651948d7d5d8762ef7a2a131bce', 1, 2, NULL, '[]', 0, '2019-01-03 19:50:42', '2019-01-03 19:50:42', '2020-01-03 11:50:42'),
('b33922aa44a50d18502df6f0b6ba1714e7fe6bd3e68c7a4c4dce3e6ace3b31dc112a7d1567f8a77f', 2, 2, NULL, '[]', 1, '2018-12-05 17:30:06', '2018-12-05 17:30:06', '2019-12-05 09:30:06'),
('b718e9b03fba1c5b7031ad7fdbf22bbed288fcbc4d1d1fd5e57408829cc77b8c3188ba1430a478d3', 1, 2, NULL, '[]', 0, '2019-01-08 19:14:40', '2019-01-08 19:14:40', '2020-01-08 11:14:40'),
('b765e2dc50b4cc0a7604d2cf8b735d065fa0d73e195931adc73239e6a5f3d5cec0419ddec7b494db', 1, 1, 'Personal Access Token', '[]', 0, '2019-01-08 18:55:00', '2019-01-08 18:55:00', '2020-01-08 10:55:00'),
('bb1a27a50f68a73c372efbe064853802dcdd705bdae288e395ea1e9f40eff8630523a23c5977522f', 2, 2, NULL, '[]', 1, '2018-12-05 17:51:52', '2018-12-05 17:51:52', '2019-12-05 09:51:52'),
('be553e961c4208c93ae7eb09dd78255454488fa914676ec937bc440e5c0fe7ce711fea9b71e0c93b', 1, 1, 'Personal Access Token', '[]', 0, '2019-01-08 18:48:39', '2019-01-08 18:48:39', '2020-01-08 10:48:39'),
('c30c9eb7051a484a0363a53a91fdf83b123e14a424449a1c522d9f72db1eb8fc9f38edeb809b9dfe', 2, 2, NULL, '[]', 1, '2018-11-05 20:48:22', '2018-11-05 20:48:22', '2019-11-05 12:48:22'),
('c4b13367a982ded71c767291411b350c65aa27b19570669055924ae8e7d2027eaf6464ab8956cb87', 2, 2, NULL, '[]', 0, '2018-11-21 17:04:05', '2018-11-21 17:04:05', '2019-11-21 09:04:05'),
('c674d4b0d64f8aa4c897f4cc65b3a5d32ac8a64efe4ae38230153502403000c117a11ffdb2bfd949', 2, 2, NULL, '[]', 1, '2018-12-05 17:50:00', '2018-12-05 17:50:00', '2019-12-05 09:50:00'),
('cb7caf05567ab93a804556180adfadc478bc0cf318fa964bd9a6c3470b1a328026e74f8381d9def0', 1, 2, NULL, '[]', 0, '2019-01-02 22:45:11', '2019-01-02 22:45:11', '2020-01-02 14:45:11'),
('cce091ac4287ce57f0a3fdb0a6b13067f3b7d4260d22412274d729d318c3071acf933d215743475a', 1, 2, NULL, '[]', 0, '2018-12-15 19:48:58', '2018-12-15 19:48:58', '2019-12-15 12:48:58'),
('ce5b74bbbb15fdd506529ed1a25f75f1a3d20df187f896580a6610ea429891f6a16714772551e335', 1, 2, NULL, '[]', 0, '2018-12-05 19:42:40', '2018-12-05 19:42:40', '2019-12-05 12:42:40'),
('d242cf06fe3961023963a280eff7379eb52fe14f530d9bb977db97a640eeb9fb228555c960b8b62a', 2, 2, NULL, '[]', 0, '2018-12-05 18:25:07', '2018-12-05 18:25:07', '2019-12-05 10:25:07'),
('d337269e2e821e97b843cc10810a32b2454b49596292a45cc1b67ac7021bfcf77ff67e9cc934195c', 2, 2, NULL, '[]', 0, '2018-11-29 19:47:31', '2018-11-29 19:47:31', '2019-11-29 11:47:31'),
('d48784f5e74b91ff878110111a111217aad61ac21aa690fade69fb30868b4f8ade60c264415ac601', 1, 2, NULL, '[]', 0, '2018-12-06 15:59:30', '2018-12-06 15:59:30', '2019-12-06 08:59:30'),
('d9c48c0ec4da3624d1334f97bea524842fb9a33e4d545331ed7f98eab53c83fa52499e47073dceca', 1, 1, 'Personal Access Token', '[]', 0, '2019-01-08 18:58:05', '2019-01-08 18:58:05', '2020-01-08 10:58:05'),
('dc3769df3a8607749cebf7127a1f257db45254c17cb5f38c842ef73482e2b6a40af3bdee92a2c1d3', 1, 2, NULL, '[]', 0, '2019-01-04 22:26:57', '2019-01-04 22:26:57', '2020-01-04 14:26:57'),
('dda7a0ff8d8fa40c99451b6cc16e30f0c711058a7b196eda19d7d5a1c66bf41c4f3dd482baa0e8bb', 1, 2, NULL, '[]', 0, '2018-12-06 17:15:58', '2018-12-06 17:15:58', '2019-12-06 10:15:58'),
('ddbb3d7e4590553317c748b919383a30d68fda6ca9f1fbe817bf3791d548502b75b9b49cf8201882', 1, 2, NULL, '[]', 1, '2019-01-05 18:34:59', '2019-01-05 18:34:59', '2020-01-05 10:34:59'),
('e14b33fa6a2dc1801c595317adcca3f0e2bf7f6476fcc494a057653cc88a1a19dfa8373fa0667ec6', 1, 2, NULL, '[]', 1, '2018-12-05 19:20:35', '2018-12-05 19:20:35', '2019-12-05 12:20:35'),
('e255f1cb82948e7a85d6d2b79a33015ee56d45a0ba4049a1fee63961117883f4bf1859e3a14347e7', 2, 2, NULL, '[]', 0, '2018-12-05 18:25:06', '2018-12-05 18:25:06', '2019-12-05 10:25:06'),
('e414f66267447e88064017dbd244b6eb74ccdbab7b89c35e4fa0b32a129f84ebf30824ac3e2bd960', 1, 1, 'Personal Access Token', '[]', 0, '2019-01-08 18:55:13', '2019-01-08 18:55:13', '2020-01-08 10:55:13'),
('e5d770bc18ce09f00df76f6c684dd37dc83ae597c4dbfc9cf5d14c5bff8e12fde0aa8118b5c98e33', 1, 2, NULL, '[]', 1, '2018-12-06 17:09:05', '2018-12-06 17:09:05', '2019-12-06 10:09:05'),
('e79d877b2562b02ce68a11445889a3f11fbc28506ef84ea1d9760e8ece0f160a4457889e85bf379e', 2, 2, NULL, '[]', 0, '2018-12-05 17:26:52', '2018-12-05 17:26:52', '2019-12-05 09:26:52'),
('ec49a8a2673e6b3ee614119f8440c4448b928f56e8b50369c351216776e19480aaf914cc95fa841f', 2, 2, NULL, '[]', 0, '2018-12-05 18:25:08', '2018-12-05 18:25:08', '2019-12-05 10:25:08'),
('ed0eaa9f28b180cbe0f0c53eda33aca20a1ec5f32ff54ed7fa8a24d8f7387d5fe06c3820aecd355a', 2, 2, NULL, '[]', 1, '2018-12-06 18:16:50', '2018-12-06 18:16:50', '2019-12-06 11:16:50'),
('f20368c3e5df103d2df60976942743cf92f3a8d7f71504467e28132ac4d7133812d3765e326a3827', 2, 2, NULL, '[]', 0, '2018-10-25 20:47:13', '2018-10-25 20:47:13', '2019-10-25 13:47:13'),
('f22195b6d2484b46d37d70081c19e9636c35143aeb6f820c1a4c53ef56e61f396ea74e570aace2cf', 1, 2, NULL, '[]', 1, '2018-12-05 20:02:00', '2018-12-05 20:02:00', '2019-12-05 13:02:00'),
('f286b02382a8cf6006a8e0bad62faabf8d6e99851bc3b40f10b2557278684d4d1e9ed14ef7921251', 2, 2, NULL, '[]', 1, '2018-10-31 19:24:31', '2018-10-31 19:24:31', '2019-10-31 12:24:31'),
('f945777be047fd3662bb7e93e7ff900086f93ef7efe484270be8166e69d0bdb555226095da30d347', 2, 2, NULL, '[]', 1, '2018-10-30 16:23:06', '2018-10-30 16:23:06', '2019-10-30 09:23:06'),
('fae9642aaff3df445b321d9ad2accb1e0d5e55e35540605aca8fe63ec7543d4ab1f93ee5435d5e65', 2, 2, NULL, '[]', 1, '2018-10-31 19:19:42', '2018-10-31 19:19:42', '2019-10-31 12:19:42'),
('fc51bdfff9dc7529b0f81dbf0b0e8b0503e5bd3c3c1b9146153ca4348f786ccbc5ddc6dc53898cb7', 2, 2, NULL, '[]', 1, '2018-10-31 19:46:08', '2018-10-31 19:46:08', '2019-10-31 12:46:08'),
('feea8133b9e73119aa6f0740de0c3b825175f44c7f184d6621a523d97dddd87fd76246a076afe5f0', 1, 1, 'Personal Access Token', '[]', 0, '2019-01-08 18:56:13', '2019-01-08 18:56:13', '2020-01-08 10:56:13'),
('ff4a176c137ced90373babe229043b507adc7ecbd08c8620b6752f101144eb7128f65ae9ef8e0e0f', 2, 2, NULL, '[]', 0, '2018-11-02 16:57:01', '2018-11-02 16:57:01', '2019-11-02 09:57:01'),
('ff639dd142927deb8332ed7ba3178bf802b2f5b695b428ee4bd0344dc06593d470dc4cfa023ae4d7', 1, 2, NULL, '[]', 0, '2018-12-06 01:26:33', '2018-12-06 01:26:33', '2019-12-05 18:26:33');

-- --------------------------------------------------------

--
-- Estructura de tabla para la tabla `oauth_auth_codes`
--

CREATE TABLE `oauth_auth_codes` (
  `id` varchar(100) COLLATE utf8_unicode_ci NOT NULL,
  `user_id` int(11) NOT NULL,
  `client_id` int(11) NOT NULL,
  `scopes` text COLLATE utf8_unicode_ci,
  `revoked` tinyint(1) NOT NULL,
  `expires_at` datetime DEFAULT NULL
) ENGINE=InnoDB DEFAULT CHARSET=utf8 COLLATE=utf8_unicode_ci;

-- --------------------------------------------------------

--
-- Estructura de tabla para la tabla `oauth_clients`
--

CREATE TABLE `oauth_clients` (
  `id` int(10) UNSIGNED NOT NULL,
  `user_id` int(11) DEFAULT NULL,
  `name` varchar(191) COLLATE utf8_unicode_ci NOT NULL,
  `secret` varchar(100) COLLATE utf8_unicode_ci NOT NULL,
  `redirect` text COLLATE utf8_unicode_ci NOT NULL,
  `personal_access_client` tinyint(1) NOT NULL,
  `password_client` tinyint(1) NOT NULL,
  `revoked` tinyint(1) NOT NULL,
  `created_at` timestamp NULL DEFAULT NULL,
  `updated_at` timestamp NULL DEFAULT NULL
) ENGINE=InnoDB DEFAULT CHARSET=utf8 COLLATE=utf8_unicode_ci;

--
-- Volcado de datos para la tabla `oauth_clients`
--

INSERT INTO `oauth_clients` (`id`, `user_id`, `name`, `secret`, `redirect`, `personal_access_client`, `password_client`, `revoked`, `created_at`, `updated_at`) VALUES
(1, NULL, 'Laravel Personal Access Client', 'HIyRgELdx9xynbGiKuGDIf9LUaHvLnrOiTptMrUZ', 'http://localhost', 1, 0, 0, '2018-09-26 17:03:08', '2018-09-26 17:03:08'),
(2, NULL, 'Laravel Password Grant Client', 'D64E8GGRiUFFyajFkP8ZRqLK1sHxUKEaOn38m3vB', 'http://localhost', 0, 1, 0, '2018-09-26 17:03:08', '2018-09-26 17:03:08');

-- --------------------------------------------------------

--
-- Estructura de tabla para la tabla `oauth_personal_access_clients`
--

CREATE TABLE `oauth_personal_access_clients` (
  `id` int(10) UNSIGNED NOT NULL,
  `client_id` int(11) NOT NULL,
  `created_at` timestamp NULL DEFAULT NULL,
  `updated_at` timestamp NULL DEFAULT NULL
) ENGINE=InnoDB DEFAULT CHARSET=utf8 COLLATE=utf8_unicode_ci;

--
-- Volcado de datos para la tabla `oauth_personal_access_clients`
--

INSERT INTO `oauth_personal_access_clients` (`id`, `client_id`, `created_at`, `updated_at`) VALUES
(1, 1, '2018-09-26 17:03:08', '2018-09-26 17:03:08');

-- --------------------------------------------------------

--
-- Estructura de tabla para la tabla `oauth_refresh_tokens`
--

CREATE TABLE `oauth_refresh_tokens` (
  `id` varchar(100) COLLATE utf8_unicode_ci NOT NULL,
  `access_token_id` varchar(100) COLLATE utf8_unicode_ci NOT NULL,
  `revoked` tinyint(1) NOT NULL,
  `expires_at` datetime DEFAULT NULL
) ENGINE=InnoDB DEFAULT CHARSET=utf8 COLLATE=utf8_unicode_ci;

--
-- Volcado de datos para la tabla `oauth_refresh_tokens`
--

INSERT INTO `oauth_refresh_tokens` (`id`, `access_token_id`, `revoked`, `expires_at`) VALUES
('03495a4688f51b276adcfa8cf356275c66a8cfb79aa4c1494a46c80f1f399c3c9645a49455077752', '3eb47d5c3e6f4c2f0dee87185a426fba0e9a8ff3996e1e4f7f131036764f40353cafccc8983ff6a2', 0, '2019-12-04 15:35:18'),
('09d5103d2066b2f6784d73e6e3fe4e9f52c3b3453f592d487b5d1f170088f069147bec4b178a6899', '459610dce45f2ad39a15f2220f7bc596bb73113585bc3301d7502f1fa10bfc5a0ddf7f7201854462', 0, '2019-12-05 09:26:27'),
('0ae978409c24f0a1992def5329638b37fe5cfef48c0261fa91cfebb6d700e4475090c68a717af660', '8bcaddfb31fc6aa57e36dce7c357a1b4496620d01c7970668c5135cf096d919621123125e554eaf7', 0, '2019-10-25 13:43:37'),
('0b60fbd83934ef64ed7004b3afdf9e48899d843b76f86dff86d7374c5c4de14db211249b129769ec', '71e0db87d6869712a2213a74372914219fe0ac97b6722ab2e65e1eba2c3ffbefda50b5cefd2b98c0', 0, '2019-11-05 12:27:18'),
('0c9d095bbce03d8775e16225cb10caba6a6135c88b2d7666dbc432cf26b71fb299972eba43c72a0e', '8d32a583ac49abd95a321adedcc8c72e03d25aface19147949cd8d4ef34a7301f8735bc068e32b8d', 0, '2019-12-05 10:25:10'),
('0e7d070abd2a38e89f95d15512bd0de64129bd49d6cdbe000ea3c6dcc86eb7194acd0cd6849a626f', '64d20b8351daa40bc3dede8817732adb6c42e68a0d5e4c552c86493d4829e73b9855e86421e9219f', 0, '2019-12-05 09:16:10'),
('0e9d00b85cfde1519d3642ac3354a40fcb0e36d16f85378fd147f0b56af2015c3d09c40571069c32', '0ea53917ce85e0f8f7a74204e4ee5a5d4344ed9310a5c0d85170f3c484f8afce88b8ca68a5778996', 0, '2019-11-16 09:19:37'),
('13167e6fffdc056007579cfd3250e700b23d9dcd0e8b3b9b415f32e5c9d5a69956e19808f04b2a35', 'c674d4b0d64f8aa4c897f4cc65b3a5d32ac8a64efe4ae38230153502403000c117a11ffdb2bfd949', 0, '2019-12-05 09:50:00'),
('1c5c045113ae4a985829a60163f50ba32f82e4d764c81b1252949b8db1e64416f8cf8da6959d9dbc', 'bb1a27a50f68a73c372efbe064853802dcdd705bdae288e395ea1e9f40eff8630523a23c5977522f', 0, '2019-12-05 09:51:52'),
('21daa78cbec836820f0f5657f8ee3d636aa50ae9ed59b93a7d68f583b5d54502d99dd4b45d246c7a', '34e8704d426c2e0b97a654c5a11e2bdc21041d07e1e747b318e25e7c43a6fc95ab2ed46d48ebb0b9', 0, '2019-12-04 15:35:02'),
('258cdc6c77542e7aaff6c9852ed23fd40eb499b206c9500d7ea9de689e0939002d4ca9fcae93777c', 'dc3769df3a8607749cebf7127a1f257db45254c17cb5f38c842ef73482e2b6a40af3bdee92a2c1d3', 0, '2020-01-04 14:26:57'),
('25e7b3c9c780653b444edc392377722f25d43b45dfbed279593953a0cc9b71ff772f93cbdb975337', '5ea0232b768c2978e5c5890298f5bdf3569d0a937a4c66c6fde956173d54454ebb3b3c562dde1147', 0, '2019-10-25 12:22:47'),
('27cfa759be96093dea2e72faa75b2369ad32c80884bb0c0b2aaed7fab80f063751893ecebfef4e14', 'dda7a0ff8d8fa40c99451b6cc16e30f0c711058a7b196eda19d7d5a1c66bf41c4f3dd482baa0e8bb', 0, '2019-12-06 10:15:58'),
('2b3a63ba6dd9afb04d259c1497876a48a5ab93bd58438e11bd30abbf2582547719814519ed0ff731', '1e45a62352be376cca8520bc9415c97128335e3a4c5146ab73c4c91f7065f10666be240043e3c987', 0, '2020-01-03 10:23:54'),
('2e69035a4a922be59ae726a70589d62182bc5cc63d2a5448981b74948e815da992425e2f6d6032d2', 'cce091ac4287ce57f0a3fdb0a6b13067f3b7d4260d22412274d729d318c3071acf933d215743475a', 0, '2019-12-15 12:48:58'),
('2fc1993e2134420afcc57109fdacd42cff9ddd7c77f7fd511cc41ecc6acad9b42d2952659538c803', '1ebf94db5c2e9c80d900a011d8f63f631a932575b60df3a46259e36f4046c89d380f15cfa0033b99', 0, '2020-01-08 11:14:12'),
('30783bdff23654dcff2ad0f832fdc15a6529ca755598d6dd9143bf9fac51bbd62de5bc01df60d1ad', '95622c84ed0afec7d72100e4b4d23b9ecc8d428bc93e4f4e43e4c5ba3631fc88760c63d094bb9618', 0, '2019-12-05 09:51:11'),
('372f660cbf71bc899c057aedc16902a52f143cc66b5d688d1004009433ceef450f023a3ea893833c', 'b11e4dfeb45ee6fdae65c0286faa50973f77595449c5902183c0d3bc4944979ef111130166712d68', 0, '2020-01-08 10:25:08'),
('37b7319c6c8215500a5c64e6afe9c8437c2398cf0c452027288123317f00367ade73b59e01587fe3', '24c40e9544d5fdc0d6d5fc4989d4e9397d03a5436085c522a6bbdfb2dc6adbe90c75f3c3ec41f480', 0, '2019-12-04 15:35:01'),
('387b21a3fbfe7ce99264ddff963f01f5adb139685c079c66ec12e93b255b4324b4dd538e582157da', '3506947762014dbe637687b2e481068d34fbb2b9b4bb639e00fb6b9a4e5ba549edb31f1e5b2137f6', 0, '2019-12-04 14:53:59'),
('3a302e3dd77716870fbcf59bdbd6c7c9e4e04bba3b45cb04a77cd43393a4836a90c31635253dbc8e', '456ed12a175dac1ba0a220882a37b22a07f03d38c762218664fd8165cb2015360c8e3cd8c9dce5c2', 0, '2019-11-29 11:47:31'),
('3aac9d881f044f4dd846179f011c87ce97ff83fc92590a6dea9f862bd1c92556ddf1668cd711de22', 'ed0eaa9f28b180cbe0f0c53eda33aca20a1ec5f32ff54ed7fa8a24d8f7387d5fe06c3820aecd355a', 0, '2019-12-06 11:16:50'),
('3c21db56d90ed9ab00a2f04404be42d5d08866f45944476b021411e259c6e78171f842288ba7de25', 'e255f1cb82948e7a85d6d2b79a33015ee56d45a0ba4049a1fee63961117883f4bf1859e3a14347e7', 0, '2019-12-05 10:25:06'),
('3c2c0bf7598cf48d90c723fa86673f53a73d2a46c1c7f468bafc32e9a1e0ce8eeb17e58536c6d247', '45c6f4b720bdac76a0c7dd4fdaff15d56eb3fa53710292419e4800390d555a33440a407e936d6685', 0, '2019-12-04 15:40:12'),
('47fe4e3c2546ebbf170719aee53096bccc26e93a90d1fe2dbcf4b6d28137e09947a3da5f08682015', '458f0c06100908a10cc2af765b8e377d554013e05c0e7f63a6a62c52c4849096d9d414c8da3047a5', 0, '2019-10-31 12:52:18'),
('486f260865291693dc1ba9fbffbb50f4090605073c55d05170854fa817f17832a24442230816b986', '02511b6ae4014f9ece1f24b9cc1ffa9d9d7f48ac40bfcc684bf75dcf3da74c690356818a2eaa3336', 0, '2019-12-05 13:03:06'),
('49b4e1f971fa3abba680e601a75d80e0214b664374d3f8f69e927cfbe6b4bc25ecba3df11d07072d', 'c4b13367a982ded71c767291411b350c65aa27b19570669055924ae8e7d2027eaf6464ab8956cb87', 0, '2019-11-21 09:04:05'),
('4bd0ab0e86521f5653f2442784c475b1cb9e4e29afb9d015ba932610efdffa5a98a0fd1c9b836b32', '1ac9af51bddd92551b86af8f071173597e9fa58d3257de3c78820ae8c32c52fc18e86221b1a18e51', 0, '2019-12-05 08:54:05'),
('4d26bb49d0fd55b5536424faf7f12153df7695476b0dcc6765e1cc6b13a7c05ee86488fcaaa0e663', '444b42b8a2b1b559a20a711fab93526ff53103a369ad35ad6ae444324fb97bf49f167245578bdec6', 0, '2019-10-27 10:57:39'),
('4dfa91947f647b7999a656154685c168933d1a3463944e6cc8ca5750cd235a60eed55eecfbfb74ab', '6f796c4af798b141203027a24282be7ac74536047fa4f01656d8064f0445554498d3687e8c6502a9', 0, '2019-12-04 15:44:35'),
('4e216b592dca823868e67a4466d90804b33ce1aa7d8ad6ed060547defa7c2f38403833908448f186', '7f07ebffd6fb2021e6cd684c898f19c39451d2f2c74d32eae9c7d952c9d6e6e628f31d55d2676d8b', 0, '2019-10-31 12:17:30'),
('51edd5a5dc285ede9cbe7dc07c30d6476923c839a2970f5cc8cec4a641e86d66f482ad6b872cd170', '2d7cd636115714542566733364d85bf6e6397c351d6c83381f0611c2e0e380a504161db8a07f42b9', 0, '2019-11-05 12:46:06'),
('5252adda3f536045a4d7a9b025ef2e87375e237a309ab7e794ae7da2a408a14dd47e38aa868fc5ff', '649ff55e6f3162fa9aa496d3612f6a87fcfbf5d2a310441fad4bcc5c983e022a9e3c846a43181082', 0, '2019-12-05 11:19:50'),
('52bc13d839f4d35bb461e9609bb317c90b44a061a87fe24fa5efcf7d68bf37dc2894bfd9f4fef9eb', '2a548fb95155513f71b5e96bdde521e5449fe6939f16ac2c5d2065eec1f3b271a8d488c8a6df4039', 0, '2020-01-02 14:45:00'),
('57c5e0ca020d6a0d86bdeb3c111552dbf81a3ec0ca03aa3949ec93dc106a902b9b64eeebf111dcbe', '19e11339b46dc7600a06a2d40dfcde6dd720874b0d016fdd95468e528a608e5e7ce71308f89c26f9', 0, '2019-12-05 10:51:01'),
('5a4cf75dc8053a02849aaab074bda884d93ede2c54903954d8e2925792c2a63246e9fa029767e2b9', '136060c1d1c005f495f752d2ddf26a7430134edf63c58ea9be8f483db3a61b9c44b4fe1b78da3def', 0, '2019-12-05 10:25:05'),
('5c25fc7b51094e8a680bb54d2d4087b32ee6a12989e58f1faab27e1306aee4b5203d240636984f9d', '4f16cabb6239abb2ca6ee53332701189112ad1d969d19c713dab4d1081965cf9fbab4153e6903dd7', 0, '2019-12-05 10:25:09'),
('5c7c07bbe5909b925d476f52dfea644fd11791d31df96d75451f38b5accb3a163c7171a3cb2fe738', '979d724344ce4a8d86eda02c7f6c83832dffe6d06d2fcf601be37b80cdfbc4a0b3f43b938830cfd4', 0, '2019-12-06 10:16:05'),
('5eedf03c4e48fd12b73b4743c3a9d52b86856601cde815e6b9c9243644d8bba1e626fc948cf66a44', 'd337269e2e821e97b843cc10810a32b2454b49596292a45cc1b67ac7021bfcf77ff67e9cc934195c', 0, '2019-11-29 11:47:31'),
('612968e6be2996d79a2cd5d74c1ac3a246e9d90138aa7bb1603bb8f2f488588258c9af523bee7a3f', '14abc32bde7d5b8501a6dd9a1a953d8868260aa5b44fd9496353d92d2e5222b7d03f644aa8ff4ec2', 0, '2019-12-05 10:25:07'),
('66fed95d234754a63a8327d9a353703cf1a7c3e0f9342ad1be76b788cc6de18db29fbb79c27d6a91', 'a7bce6ab97a9705595314dd3485d919f6acc7e1d371a03738c9643aa14b6f527d38fb2e71db42837', 0, '2019-10-27 10:57:10'),
('693bc61048dbbf0f117c896a89761583c309bcb2340ab029fa2b8103545fb0ad73added624238a03', '5b42786bd12fdee53b8ccfc32903056fe63d2a4dae95724a47f6693bf0aaab2705b230c90b6c4b90', 0, '2019-12-04 14:34:24'),
('6de3c477039f7eb4a36f7c3bfad56c67aa5959b750c660d0a5d2fecafc3c25896cc8de77cb494c45', '99fcf9f42fb5e0320bb7c06551f25140ed5b8a6ea815e5af39d9e1c1af8f15ad4e2657d8a77a5618', 0, '2019-12-06 10:09:20'),
('6f63088eb2f3fb385317c6aaaa2cd460c128d28c5a6a65d61f0fc20a6bdd55a39d13602188ff6e3d', 'b24ddd230c763a4697a9fb7e24c21ccfdadda70869ea160b8030b651948d7d5d8762ef7a2a131bce', 0, '2020-01-03 11:50:43'),
('728849128411adc8696058279dafe4c26136ed2c5a697125c93e349089d595ec7bda7ff7af83d32e', '83a7f0a43063022a3e8769e9e9d48455686c9fdd1c30b607f2ef9be7cd43433b94be3b6e4618ef13', 0, '2019-12-05 10:25:09'),
('74b652a1c8c131589764ed18baea62dd5797e3826fed349744ea9ae24b08039e3321861113f89954', 'ff4a176c137ced90373babe229043b507adc7ecbd08c8620b6752f101144eb7128f65ae9ef8e0e0f', 0, '2019-11-02 09:57:01'),
('74ead96b4958f1868e705b24300718b280c7139eb3f7e8f9cceaea1336e6960fdac25a8c39a3d1b9', '5ca66119dc05762d03afd6c6ea76fcdd2b9b4689bd72b3d907a5736be5f247ae8a0f061075d71454', 0, '2019-11-21 19:23:34'),
('78982cde2b26b3518e9d68d6af70851e06620b610a20b89437d7f37034c4ae1f16b570a800d81627', '04fda74021e366c96326d966507dc15fe3d302e794536dc75a01893d39c755ff5056914ceaf215aa', 0, '2019-11-21 10:56:06'),
('7c1d463be428c248f0727c8bcd041f63d48310220d1f13bb4d3b9f062e03f71421de9f38e2a79843', 'f286b02382a8cf6006a8e0bad62faabf8d6e99851bc3b40f10b2557278684d4d1e9ed14ef7921251', 0, '2019-10-31 12:24:31'),
('8082156ab81fedd53c9b84c36b7d1192bf62ab764691ff581fa36836d78c4af70922e33811bee0bd', 'f945777be047fd3662bb7e93e7ff900086f93ef7efe484270be8166e69d0bdb555226095da30d347', 0, '2019-10-30 09:23:06'),
('85311fa844c0663c7a65092834fef7b40bcef0fd40213a31dc7f0a760342e216321bdc95d7afbdfd', 'e14b33fa6a2dc1801c595317adcca3f0e2bf7f6476fcc494a057653cc88a1a19dfa8373fa0667ec6', 0, '2019-12-05 12:20:35'),
('855f311064624efd692919af48513e986a186c5092db268082e27764ca3420a077fe2b8b0ee7b4e4', '2630d542192e3da0c53d0cfaf8dd8e88dd67ccd35b340452d9efd2b47ad9d0215464068a86137e10', 0, '2019-12-05 09:53:14'),
('85ff3fc5fd0c5811bd899b1d99e7e3c02c722b9d96ae9a8d574d2dee120981b792d1135f7012ac49', '79453c1bbba32c9f3dd164659c4024c3f59fc60d50934559990e9621fad3bcd8e05be3d39a80ff75', 0, '2019-12-06 11:25:06'),
('87414d6bebbdc702606fb9aadf73956356dc30e849fc015f7165f2ba29cddab290eb652061ec02bd', 'f22195b6d2484b46d37d70081c19e9636c35143aeb6f820c1a4c53ef56e61f396ea74e570aace2cf', 0, '2019-12-05 13:02:00'),
('894596552c3965f86423cb422cabe464bebedf933a3dc819133de0113cd3f348fc29070d476acaf1', '812a64aa5e737bd70797a623227ccebe119bb8e503aec6ed66353b7a864fc7e62019f7bc887804c7', 0, '2019-12-05 10:36:31'),
('89ef8c8294ac89455ec644390182255af807282161406381812b85e14e0d741ac43424ac513be737', '76153223fe3b030693e3f6e46863b2643a7253f9963db2ad5c73886c8165083724af8ea36f412151', 0, '2019-12-06 10:15:53'),
('8d343bda530a87fe46c42d6dec75e6375134cd2e8c0599b25f22ecefbcb0066e9ecd51b24a12616e', '733bd739b60f2c19207c8e4979e8acca0b5d2f2064af082e059cff3929b1e281e36b7d38347d4d97', 0, '2019-11-30 10:26:17'),
('8dde5b258d483f3caada7a917d525caa80bd07b9e72828e24edfccd793b5e4da55ea9190bd9a9911', '314f36d8af1be77d095ce91f20c70fa11acb71530ec0a995a802308ba97e0acdf514e354cf513af3', 0, '2019-11-01 14:20:52'),
('8ef906fcfe1d8113be7d79f0fd301fd1deac28820440f942722e9ea77d1cc38b8f1995f30574d549', '90889f32e12bfca03aae53b906d5c000119941612f7e6dee10db362f0486a4fe6d8b5e942d78ec46', 0, '2019-12-05 10:53:00'),
('907d91c1ac37fcce56836f1f7408e0535ddbc8251822e31e97b858d0e9bc32a5b4b8600e8d33e4cb', '78e65e40b6f66549d912af5a24a68a97c87a19a0133f9bd0d0e5eed260df8e23d097fe3bea470614', 0, '2020-03-27 09:16:09'),
('9553e15033b2aa0d8294b77fe09305393f9908b0879254f673bd123832107bfd4ac4b3a227ddd1c3', '23f1c11e31a0ac16806df52f7465b305e313712340ff52567d78c4c9e494ca617f279b1549d593c8', 0, '2019-12-05 09:43:18'),
('956769403f9e82c81f0757806ef6fd491cae6607879ee68e8f8ca6dec86f1152dc1176b3c22660e1', '3427882bf24d6f7fd4c6dec2210d3342330f7c754a3eb7aa1d79e7a16daef2c3feddf34e17a78a43', 0, '2019-12-06 11:28:44'),
('96b712a1ca0f6976d9cd4b5f2780aabc3c9b7c5eb0414b8b103677ea491c454dd8d5908d206f1130', '40a88f824b4f45116ee731bd4333ae38528f6d6e8fdc8808a4f521be17c6493029426c8b9a1596e5', 0, '2019-10-31 09:04:27'),
('9c4aea1ee8310bfaa1907d5526dc9368dc4a041ec262c127e4eadb4a6cdccfc3269d1b21feded4ed', '937ab6c31b94e5b5c5a2575e0b52a2bfb8842c38a4abe0cf474d332ba9e787c2d2256559f960d710', 0, '2019-12-06 10:16:12'),
('9d9172454bca08a7ae565125dc45489d5135b5c22c7c041ea0cf678be7e3980c6bc879990c0f9c6a', 'a481fc1a821126bbd0a5964d77458001a699c5d3a1c95a66abb5a67f86f0ad50c3bb5fee381c9acb', 0, '2019-11-16 09:19:27'),
('9ea31b27cd4ea0194ed8bbae20a93ed1b7105862007307aab030892923a1cc2ec8f1851dbc50989b', '446a930a79e3a0b975b56dd28bf465e151cd7e69b7b049346933c6dc8ebe90aacca5cc2bc6f4c385', 0, '2020-03-27 09:16:07'),
('9eb05e65429d7349f5d3a1cd31bbad3fe57f845d6820144b18790906786e76f0b520d52cbe2cd3b4', '4bfdc48e221f42a6e7bcd5528ca2caa3cf7129fe77d8618a65448016d8039c6decc116113717292f', 0, '2019-12-05 08:49:41'),
('9f120e1315b784a33e62378b7bab1ca2c99d8008b0801ac70fe657ac934b11027752452641011246', '8d5505a77879892895c1848e31052e0a14faebd2e2def92fb3730386117e2a49af0903b4036b3510', 0, '2019-11-26 10:11:09'),
('9f89e48b1268bff218cba996d53aa1a0443619900337994c523c310af7c97b2ac90e95143752bf4b', '797cba2372849ab77c525d299bf9b1b1ba1d66418c206942f29c6aab31fd6f1f5065016c73e1d798', 0, '2019-10-25 13:58:34'),
('9f9ca732d201f5a75508159166911ec25beffb282b42e4cc3008c3d5fa0906311045b658a548dfa7', '85dd9e78b66ef30fb860754778a75c224e74d7db487275c169631dcfe5b503a6f32b6f9b6c693728', 0, '2019-11-22 08:35:56'),
('9fd8b50828ee7e83835f4363f0401fd214694422d845c96228317b829371f84bd998bf5bcb30cfb2', '5471549f86a2159595110d821c74bf8ab73f795e220851d2f32e74ef2e55caa86c6872569e110394', 0, '2019-12-05 10:52:21'),
('a2398041a18db516e65e58f09726465c08e5e096d441b326ca1e5ff93f1caeeb663d7011de0a946c', '184c7871a98a5409c27a8eba1b60debfb04890a3e12349e11586f42286e4a3ab80c8e9281eb06cf3', 0, '2019-12-06 08:36:53'),
('a67a81036f96d130c4c08b87de1207c53499608f23ad2747623016b727ae766b2aaa9b60c5372582', 'e5d770bc18ce09f00df76f6c684dd37dc83ae597c4dbfc9cf5d14c5bff8e12fde0aa8118b5c98e33', 0, '2019-12-06 10:09:05'),
('a936781e9eb6d85ecc2553b11307bb41278e65e3f3959fec9e9f424f8ddd024123d8225a5b8cddad', 'fae9642aaff3df445b321d9ad2accb1e0d5e55e35540605aca8fe63ec7543d4ab1f93ee5435d5e65', 0, '2019-10-31 12:19:42'),
('ac67cc838bbc4131b0c64ce18dd411eae65f77c00097a8f9a1048e0f6722f49b28c45851e858c81e', '0da151434ea2ec93f881f7df28bca244fa07946b04672bbb8ef2d7b7a0512f1c9d1f078bbc20c4f0', 0, '2019-10-25 12:21:52'),
('ae4969509a486ca5fd07ba3cfdbae50f002c0665e875c432bde73e6b7173f94f7e0d659f5dffee74', '75fed248d143f00e764460d1e3910e98e9b19dec77e6bcbb008cf668a58b7d79919fa1b88f3b0d8b', 0, '2019-10-31 15:31:30'),
('b0e086b81c25233fc9d25ee4a01a4efadf102c8543975f574175f34159f187e4378dc61fcfb29344', '678d84be2de1fc020c0c6ad5b633d7f8005e7f97e0305e1acc4809e178dcf474d97b6e11983a5e88', 0, '2019-11-23 11:52:22'),
('b4227ff44aae3e5cfc59324d4af8accf18ab896c7fbbbcd4a5cf3f2b95b8ce143de1b85322ad2808', 'cb7caf05567ab93a804556180adfadc478bc0cf318fa964bd9a6c3470b1a328026e74f8381d9def0', 0, '2020-01-02 14:45:11'),
('b598bfd1ba5f63c9881f028dc8649d5255be16a8075dee24a35dbe8b0b56092344eb6947c995bc1f', '35f57cb5d16ad6f17725cccc8a4323d05e0f77bb9865db5aa422e7e8e940b6d9f44c9ccc6940a8f8', 0, '2019-10-31 12:34:15'),
('b5cd90a96e6855fe6b7a35933334f1875d480971faef086a991e6411be4ec3cdba8ab7d2a4e4e648', 'b21fec42fe6b262d2d708599298178b76a859e52768cc8c7596e7ef39e2b0242368debd8a93e097c', 0, '2019-10-30 08:41:16'),
('b7f7ba8ed59f826f3ea3a364b8a21b27dbef653c7e9fdf66fec06bc271b6f03cce8c23242bc564e6', 'a6b7ea5f2d18650b0de6d72b422c89f11bd4cde48e612a865652a5279edae983a75d7a325b6f92c8', 0, '2019-12-05 10:33:59'),
('b904a4c45c4c13f7c68f3f6eb93cfb0724122d01250e51073a03c31134277035aa0448af24c4dc68', 'b33922aa44a50d18502df6f0b6ba1714e7fe6bd3e68c7a4c4dce3e6ace3b31dc112a7d1567f8a77f', 0, '2019-12-05 09:30:06'),
('bb761475a34a69b668b7b846b1d34c53f07fc8abca95f676d666b137c47cb3b83bc9bc108a75eab9', 'ce5b74bbbb15fdd506529ed1a25f75f1a3d20df187f896580a6610ea429891f6a16714772551e335', 0, '2019-12-05 12:42:40'),
('bcc136136708c46b656b28f8ff7fef309c0786d64790d2143bb871ac292ea33ac79c811663b27108', '607036d0afd05622648c4795e2cc11ed4ff13d447923125a5136cfc6eb3a15b02286bfba9365bf57', 0, '2019-12-05 12:25:08'),
('be7b4d93d7997c0eeb88035da6be7ef0c66b11df3af946788826cefa71de12a556fbe478c2c1b34f', 'fc51bdfff9dc7529b0f81dbf0b0e8b0503e5bd3c3c1b9146153ca4348f786ccbc5ddc6dc53898cb7', 0, '2019-10-31 12:46:08'),
('c11a332a0f95624743aa7b6d9862eabd9951689c88af48a17e2fdd70c52c285771ad56b1a4c31fab', '9ff30984c96cae934863eeb3bbe69e6af29f9233ff427214260fce4c891d3793199fdf7f791e17f6', 0, '2020-01-08 10:07:29'),
('c2e81e7ae43a48f0c3ef982201a3f71a58c7f9891a2c4dfe6af09b7b0403324454a9c0b253e19b65', 'a39d30e0509d27a952a870bf43496d8644df23507e7f88951b9c5bdaacd04ecd8978e2e55e66efde', 0, '2019-12-04 15:35:03'),
('cd62886d51119881f919df93cfded400214305d94f157809bc13ab9db249342fd9ae5cc99a67bcf2', 'e79d877b2562b02ce68a11445889a3f11fbc28506ef84ea1d9760e8ece0f160a4457889e85bf379e', 0, '2019-12-05 09:26:52'),
('cd6ef4ffe92fda9b420dad3c430d83920ef7fb54ab215adf083d4790e80f3623a7184da8f9e1f70d', '63032e51d4e1267dafdfe63902cc4ecda27233fb03a8ca9393ca7f45e82d9b3db043b2684828340c', 0, '2019-12-03 12:05:03'),
('d0dfffa3155e9183cce56bf99dbf2f7586974e673b514158de9cb14bfea87aa0e74eb7add43717c0', '74f602aeb6b770b1da26514c55b9ce3f03f0e1b8e46a02928c10dc0ef304d9a9873375082b167b5d', 0, '2019-11-05 12:59:14'),
('d3afe71bc74a2ee0c3515a0a19eccdf90a277b57d91f5fadb3a726f9e9117053bc490232c7e89b59', 'ab94ff929818f9f3349f2e8ebdcd6b9246b3bf9e0875ca23aaba8adce5a2d86efdd973f4be0121cc', 0, '2019-12-04 14:13:34'),
('dcc8d2cae1d43b26b2ff4a2248c9712a67e81c4c05678b4f90c44b446ec8dc875da23817a8d3db2a', 'd242cf06fe3961023963a280eff7379eb52fe14f530d9bb977db97a640eeb9fb228555c960b8b62a', 0, '2019-12-05 10:25:07'),
('dddce0af7233537394e4ab23047a4a4f4f1b2d8f8b9c42ccc12c0e8e325585a1d75b0c31e1fb36cf', '56f597a5b59c39d8671333bfa3a1d96ab9056d932656d69cc2c4edd94565a6b03238b4a99f2a7fd9', 0, '2019-12-06 10:11:37'),
('e3bdeb5721cf466a1c5338c25460a388ec979713559d5f4010c2ab0770e887d17077af21651f3d02', '3d51fb18b1c887c47a5030e6c3977aaa364d725d1849bc15548ec1f473024312069a3e0a7795f6f4', 0, '2019-12-06 10:08:00'),
('e71100ecc08933f95ef24b500c9932064c814ad762ac342246fdf65f016a1d8ef0ee47bf3900cb26', '8e8bab45230cb1241a57b2a12f2a6d842e4d25e0e8a49514ac175cffebe997c51bf09e4cedb4206b', 0, '2019-10-30 09:48:58'),
('e7d7ef1fbe24016a8c4c0a035424c474286a8d6bac5ea6c527e310cd40aaa276908579b38ee09f78', 'c30c9eb7051a484a0363a53a91fdf83b123e14a424449a1c522d9f72db1eb8fc9f38edeb809b9dfe', 0, '2019-11-05 12:48:22'),
('e89cc5dd4b661077c6f34bb0ec69ceb36403d2393e72f21c3c0fab0a15a17bc2cc22c3225d901cee', '2f8bf247dfe8a72e8747745ceff1ab12f9a70ba83c965d825003d11e20425da38489a8d02e3a53e4', 0, '2019-12-04 15:04:16'),
('eb8bb5b8c78ea97c5618857d2a61099f533a3a366c0fed421eb627eb27ded1a46410673243fca9ee', 'd48784f5e74b91ff878110111a111217aad61ac21aa690fade69fb30868b4f8ade60c264415ac601', 0, '2019-12-06 08:59:30'),
('ee65da0755bdb77a594aac1792c9f2a3435a3a4cd71a073326573fc83a5b0190cbf5e9566e6d8f57', 'f20368c3e5df103d2df60976942743cf92f3a8d7f71504467e28132ac4d7133812d3765e326a3827', 0, '2019-10-25 13:47:13'),
('f2181387dc160fd5e040e6c4b4da64bc61eab9e3cfc562b3ba12e7aa1c6aa086d0d763fdc30de555', '88f8e1dc17d2eee05b65fb69f769901d247a3acd864c31bbd32829482e7c64513397d206e4af37bc', 0, '2019-12-06 10:08:05'),
('f2a388bbaf9ae56976094413cdde2e803ec13bc89aa4b2edcd936ebd30b799e0f55528959138c826', 'b718e9b03fba1c5b7031ad7fdbf22bbed288fcbc4d1d1fd5e57408829cc77b8c3188ba1430a478d3', 0, '2020-01-08 11:14:40'),
('f3f6a223fa888513e9101206ebcf6c542f700f8132e4486c8dcb49a936e77b83e5e7d4a3727beb8e', '6e50490b5482144b875ef4c5622dec29a89efd0504d1c0c51dafacfa388c429af2333aff9eb4b1e3', 0, '2020-01-03 11:50:41'),
('f5b37196979ecfad1d314c7eb27e52a958e23b231d47f8fae94dcca3f6c9dab8183f4d1ce32d25bc', 'ff639dd142927deb8332ed7ba3178bf802b2f5b695b428ee4bd0344dc06593d470dc4cfa023ae4d7', 0, '2019-12-05 18:26:33'),
('f723e1fab9be51a9056cdc74333303993e25777f908f2e1c524267e166eee6be57ca7165c34384a7', 'ec49a8a2673e6b3ee614119f8440c4448b928f56e8b50369c351216776e19480aaf914cc95fa841f', 0, '2019-12-05 10:25:08'),
('f82e04a905f14c8b22b7836a547ee929c4af2a0a70d91cc2323faf5378e461fff9d2aee182e412c6', 'ddbb3d7e4590553317c748b919383a30d68fda6ca9f1fbe817bf3791d548502b75b9b49cf8201882', 0, '2020-01-05 10:34:59'),
('fefc3cbf752f2e2536c0a9b84e58277a5873dd77c5f6507d136bf00f180d3896763a38b1f767316c', 'a2ecbfc693c3d59b074816371ccc544955c797df146d038435eaa9439ec989f97ca3828b489e598e', 0, '2019-12-05 10:49:20'),
('ff111fac5ff08d097c92b8d35cbd507134c6db6cf0b57d771f2cabf6984694108e1f018f07b4331a', '937168ad9ea6d2f5780367125f16281da6c0da1a7af7725dc68c7839363bb32defb746464627c36c', 0, '2019-10-27 11:29:26');

-- --------------------------------------------------------

--
-- Estructura de tabla para la tabla `password_resets`
--

CREATE TABLE `password_resets` (
  `email` varchar(191) COLLATE utf8_unicode_ci NOT NULL,
  `token` varchar(191) COLLATE utf8_unicode_ci NOT NULL,
  `created_at` timestamp NULL DEFAULT NULL
) ENGINE=InnoDB DEFAULT CHARSET=utf8 COLLATE=utf8_unicode_ci;

-- --------------------------------------------------------

--
-- Estructura de tabla para la tabla `users`
--

CREATE TABLE `users` (
  `id` int(10) UNSIGNED NOT NULL,
  `name` varchar(191) COLLATE utf8_unicode_ci NOT NULL,
  `email` varchar(191) COLLATE utf8_unicode_ci NOT NULL,
  `password` varchar(191) COLLATE utf8_unicode_ci NOT NULL,
  `tarjeta` varchar(50) COLLATE utf8_unicode_ci DEFAULT NULL,
  `area` int(5) NOT NULL,
  `tipo` int(5) NOT NULL,
  `activo` int(5) NOT NULL,
  `remember_token` varchar(100) COLLATE utf8_unicode_ci DEFAULT NULL,
  `created_at` timestamp NULL DEFAULT NULL,
  `updated_at` timestamp NULL DEFAULT NULL
) ENGINE=InnoDB DEFAULT CHARSET=utf8 COLLATE=utf8_unicode_ci;

--
-- Volcado de datos para la tabla `users`
--

INSERT INTO `users` (`id`, `name`, `email`, `password`, `tarjeta`, `area`, `tipo`, `activo`, `remember_token`, `created_at`, `updated_at`) VALUES
(1, 'Fernando', 'cf_fernandez@hotmail.com', '$2y$10$2uMTlTr3pKT5IeE7bL241eVG2I0.04j3r2ftBm2vCfemskQt9x2GK', ';1370010000003023=991?', -3, 1, 1, NULL, '2018-09-26 18:29:58', '2019-01-08 19:12:21'),
(2, 'bladi', 'bladi@email.com', '$2y$10$kb4dmltMum4HQpbNu1EABejuA5k3084J4isQKlNxst5Ywn9JSdqyW', ';0210010000001070=991?', 2, 5, 1, NULL, '2019-01-08 19:00:10', '2019-01-08 19:00:10'),
(3, 'rico', 'rico@gmail', '$2y$10$tGA1H8C0CnAzH/WGi9CATe21XpYE4FBfxC7zNdeD6eDLjggOfOl6C', NULL, -3, 3, 1, NULL, '2019-01-09 16:21:20', '2019-01-09 16:21:20'),
(4, 'raul', 'raul@we', '$2y$10$EPlO7hH1tFDN8ae/jOow0OL/Akjof6v0SibvCylyly3ZjlYvqvMrK', NULL, 4, 6, 0, NULL, '2019-01-09 17:14:26', '2019-01-09 17:14:26');

--
-- Índices para tablas volcadas
--

--
-- Indices de la tabla `almacenes`
--
ALTER TABLE `almacenes`
  ADD PRIMARY KEY (`id`);

--
-- Indices de la tabla `botella`
--
ALTER TABLE `botella`
  ADD PRIMARY KEY (`id`),
  ADD UNIQUE KEY `folio` (`folio`);

--
-- Indices de la tabla `lista_movimientos`
--
ALTER TABLE `lista_movimientos`
  ADD PRIMARY KEY (`id`);

--
-- Indices de la tabla `migrations`
--
ALTER TABLE `migrations`
  ADD PRIMARY KEY (`id`);

--
-- Indices de la tabla `oauth_access_tokens`
--
ALTER TABLE `oauth_access_tokens`
  ADD PRIMARY KEY (`id`),
  ADD KEY `oauth_access_tokens_user_id_index` (`user_id`);

--
-- Indices de la tabla `oauth_auth_codes`
--
ALTER TABLE `oauth_auth_codes`
  ADD PRIMARY KEY (`id`);

--
-- Indices de la tabla `oauth_clients`
--
ALTER TABLE `oauth_clients`
  ADD PRIMARY KEY (`id`),
  ADD KEY `oauth_clients_user_id_index` (`user_id`);

--
-- Indices de la tabla `oauth_personal_access_clients`
--
ALTER TABLE `oauth_personal_access_clients`
  ADD PRIMARY KEY (`id`),
  ADD KEY `oauth_personal_access_clients_client_id_index` (`client_id`);

--
-- Indices de la tabla `oauth_refresh_tokens`
--
ALTER TABLE `oauth_refresh_tokens`
  ADD PRIMARY KEY (`id`),
  ADD KEY `oauth_refresh_tokens_access_token_id_index` (`access_token_id`);

--
-- Indices de la tabla `password_resets`
--
ALTER TABLE `password_resets`
  ADD KEY `password_resets_email_index` (`email`);

--
-- Indices de la tabla `users`
--
ALTER TABLE `users`
  ADD PRIMARY KEY (`id`),
  ADD UNIQUE KEY `users_email_unique` (`email`);

--
-- AUTO_INCREMENT de las tablas volcadas
--

--
-- AUTO_INCREMENT de la tabla `almacenes`
--
ALTER TABLE `almacenes`
  MODIFY `id` int(11) NOT NULL AUTO_INCREMENT, AUTO_INCREMENT=6;

--
-- AUTO_INCREMENT de la tabla `botella`
--
ALTER TABLE `botella`
  MODIFY `id` int(11) NOT NULL AUTO_INCREMENT, AUTO_INCREMENT=32;

--
-- AUTO_INCREMENT de la tabla `lista_movimientos`
--
ALTER TABLE `lista_movimientos`
  MODIFY `id` int(11) NOT NULL AUTO_INCREMENT, AUTO_INCREMENT=99;

--
-- AUTO_INCREMENT de la tabla `migrations`
--
ALTER TABLE `migrations`
  MODIFY `id` int(10) UNSIGNED NOT NULL AUTO_INCREMENT, AUTO_INCREMENT=8;

--
-- AUTO_INCREMENT de la tabla `oauth_clients`
--
ALTER TABLE `oauth_clients`
  MODIFY `id` int(10) UNSIGNED NOT NULL AUTO_INCREMENT, AUTO_INCREMENT=3;

--
-- AUTO_INCREMENT de la tabla `oauth_personal_access_clients`
--
ALTER TABLE `oauth_personal_access_clients`
  MODIFY `id` int(10) UNSIGNED NOT NULL AUTO_INCREMENT, AUTO_INCREMENT=2;

--
-- AUTO_INCREMENT de la tabla `users`
--
ALTER TABLE `users`
  MODIFY `id` int(10) UNSIGNED NOT NULL AUTO_INCREMENT, AUTO_INCREMENT=5;
COMMIT;

/*!40101 SET CHARACTER_SET_CLIENT=@OLD_CHARACTER_SET_CLIENT */;
/*!40101 SET CHARACTER_SET_RESULTS=@OLD_CHARACTER_SET_RESULTS */;
/*!40101 SET COLLATION_CONNECTION=@OLD_COLLATION_CONNECTION */;
